[
  {
    "canvas":{
      "bottom-left":{
        "x":1022,
        "y":1873
      },
      "bottom-right":{
        "x":3319,
        "y":1873
      },
      "top-left":{
        "x":1022,
        "y":629
      },
      "top-right":{
        "x":3319,
        "y":629
      }
    },
    "connections":[
      {
        "from":"ec166dfb-f3a4-4a7a-b20d-b247a89660f6",
        "to":"26cc5a97-41d6-4128-8ee7-80df07d19db9",
        "type":"line"
      },
      {
        "from":"b05bf1ac-f43b-4ad5-b714-ddba65e6a48f",
        "to":"ec166dfb-f3a4-4a7a-b20d-b247a89660f6",
        "type":"line"
      },
      {
        "from":"26cc5a97-41d6-4128-8ee7-80df07d19db9",
        "to":"6f0d2b2e-99a4-415a-8979-9289268e2d7f",
        "type":"line"
      },
      {
        "from":"c2af4100-cafe-4caa-a63b-2df92d7091af",
        "to":"b05bf1ac-f43b-4ad5-b714-ddba65e6a48f",
        "type":"line"
      },
      {
        "from":"759c04cb-68dd-4db7-926c-4665240fd9f7",
        "to":"b05bf1ac-f43b-4ad5-b714-ddba65e6a48f",
        "type":"line"
      },
      {
        "from":"b05bf1ac-f43b-4ad5-b714-ddba65e6a48f",
        "to":"759c04cb-68dd-4db7-926c-4665240fd9f7",
        "type":"line"
      },
      {
        "from":"26cc5a97-41d6-4128-8ee7-80df07d19db9",
        "to":"ec166dfb-f3a4-4a7a-b20d-b247a89660f6",
        "type":"line"
      }
    ],
    "derivedAt":"2016-04-12 17:13:16.152945",
    "derivedFrom":"None",
    "height":3120,
    "postits":[
      {
        "colour":"YELLOW",
        "height":128,
        "isPhysical":true,
        "lastCanvasID":"920e87b8-b90a-4a50-b5ef-8ae0b0a15b7c",
        "uuid":"ec166dfb-f3a4-4a7a-b20d-b247a89660f6",
        "width":126,
        "x":776,
        "y":837
      },
      {
        "colour":"ORANGE",
        "height":128,
        "isPhysical":true,
        "lastCanvasID":"920e87b8-b90a-4a50-b5ef-8ae0b0a15b7c",
        "uuid":"26cc5a97-41d6-4128-8ee7-80df07d19db9",
        "width":139,
        "x":1330,
        "y":680
      },
      {
        "colour":"ORANGE",
        "height":126,
        "isPhysical":true,
        "lastCanvasID":"920e87b8-b90a-4a50-b5ef-8ae0b0a15b7c",
        "uuid":"6f0d2b2e-99a4-415a-8979-9289268e2d7f",
        "width":123,
        "x":1801,
        "y":602
      },
      {
        "colour":"MAGENTA",
        "height":110,
        "isPhysical":true,
        "lastCanvasID":"920e87b8-b90a-4a50-b5ef-8ae0b0a15b7c",
        "uuid":"b05bf1ac-f43b-4ad5-b714-ddba65e6a48f",
        "width":113,
        "x":874,
        "y":553
      },
      {
        "colour":"BLUE",
        "height":118,
        "isPhysical":true,
        "lastCanvasID":"920e87b8-b90a-4a50-b5ef-8ae0b0a15b7c",
        "uuid":"c2af4100-cafe-4caa-a63b-2df92d7091af",
        "width":118,
        "x":440,
        "y":342
      },
      {
        "colour":"ORANGE",
        "height":118,
        "isPhysical":true,
        "lastCanvasID":"920e87b8-b90a-4a50-b5ef-8ae0b0a15b7c",
        "uuid":"759c04cb-68dd-4db7-926c-4665240fd9f7",
        "width":126,
        "x":1272,
        "y":239
      }
    ],
    "uuid":"1d3070d0-f3a1-4332-b547-6968f41cf79e",
    "width":4160
  },
  {
    "canvas":{
      "bottom-left":{
        "x":1022,
        "y":1873
      },
      "bottom-right":{
        "x":3319,
        "y":1873
      },
      "top-left":{
        "x":1022,
        "y":629
      },
      "top-right":{
        "x":3319,
        "y":629
      }
    },
    "connections":[
      {
        "from":"ec166dfb-f3a4-4a7a-b20d-b247a89660f6",
        "to":"26cc5a97-41d6-4128-8ee7-80df07d19db9",
        "type":"line"
      },
      {
        "from":"b05bf1ac-f43b-4ad5-b714-ddba65e6a48f",
        "to":"ec166dfb-f3a4-4a7a-b20d-b247a89660f6",
        "type":"line"
      },
      {
        "from":"26cc5a97-41d6-4128-8ee7-80df07d19db9",
        "to":"6f0d2b2e-99a4-415a-8979-9289268e2d7f",
        "type":"line"
      },
      {
        "from":"c2af4100-cafe-4caa-a63b-2df92d7091af",
        "to":"b05bf1ac-f43b-4ad5-b714-ddba65e6a48f",
        "type":"line"
      },
      {
        "from":"759c04cb-68dd-4db7-926c-4665240fd9f7",
        "to":"b05bf1ac-f43b-4ad5-b714-ddba65e6a48f",
        "type":"line"
      },
      {
        "from":"b05bf1ac-f43b-4ad5-b714-ddba65e6a48f",
        "to":"759c04cb-68dd-4db7-926c-4665240fd9f7",
        "type":"line"
      },
      {
        "from":"26cc5a97-41d6-4128-8ee7-80df07d19db9",
        "to":"ec166dfb-f3a4-4a7a-b20d-b247a89660f6",
        "type":"line"
      }
    ],
    "derivedAt":"2016-04-12 17:13:20.217201",
    "derivedFrom":"1d3070d0-f3a1-4332-b547-6968f41cf79e",
    "height":3120,
    "postits":[
      {
        "colour":"YELLOW",
        "height":128,
        "isPhysical":true,
        "lastCanvasID":"920e87b8-b90a-4a50-b5ef-8ae0b0a15b7c",
        "uuid":"ec166dfb-f3a4-4a7a-b20d-b247a89660f6",
        "width":126,
        "x":776,
        "y":837
      },
      {
        "colour":"ORANGE",
        "height":128,
        "isPhysical":true,
        "lastCanvasID":"920e87b8-b90a-4a50-b5ef-8ae0b0a15b7c",
        "uuid":"26cc5a97-41d6-4128-8ee7-80df07d19db9",
        "width":139,
        "x":1330,
        "y":680
      },
      {
        "colour":"ORANGE",
        "height":126,
        "isPhysical":true,
        "lastCanvasID":"920e87b8-b90a-4a50-b5ef-8ae0b0a15b7c",
        "uuid":"6f0d2b2e-99a4-415a-8979-9289268e2d7f",
        "width":123,
        "x":1801,
        "y":602
      },
      {
        "colour":"MAGENTA",
        "height":110,
        "isPhysical":true,
        "lastCanvasID":"920e87b8-b90a-4a50-b5ef-8ae0b0a15b7c",
        "uuid":"b05bf1ac-f43b-4ad5-b714-ddba65e6a48f",
        "width":113,
        "x":874,
        "y":553
      },
      {
        "colour":"BLUE",
        "height":118,
        "isPhysical":true,
        "lastCanvasID":"920e87b8-b90a-4a50-b5ef-8ae0b0a15b7c",
        "uuid":"c2af4100-cafe-4caa-a63b-2df92d7091af",
        "width":118,
        "x":440,
        "y":342
      },
      {
        "colour":"ORANGE",
        "height":118,
        "isPhysical":true,
        "lastCanvasID":"920e87b8-b90a-4a50-b5ef-8ae0b0a15b7c",
        "uuid":"759c04cb-68dd-4db7-926c-4665240fd9f7",
        "width":126,
        "x":1272,
        "y":239
      }
    ],
    "uuid":"920e87b8-b90a-4a50-b5ef-8ae0b0a15b7c",
    "width":4160
  }
]