[
  {
    "canvas":{
      "bottom-left":{
        "x":1022,
        "y":1873
      },
      "bottom-right":{
        "x":3319,
        "y":1873
      },
      "top-left":{
        "x":1022,
        "y":629
      },
      "top-right":{
        "x":3319,
        "y":629
      }
    },
    "connections":[
      {
        "from":"b0c7a632-3fe5-4de7-ab37-1d49c6a40581",
        "to":"2a50db06-e7bf-4764-b395-1d5a60b62a1a",
        "type":"line"
      },
      {
        "from":"2a50db06-e7bf-4764-b395-1d5a60b62a1a",
        "to":"0195635f-925d-4b11-ae5a-724812b02efe",
        "type":"line"
      },
      {
        "from":"4be45842-232b-4911-9a78-3b0f59b2110b",
        "to":"b0c7a632-3fe5-4de7-ab37-1d49c6a40581",
        "type":"line"
      },
      {
        "from":"addd8c89-6674-43dd-8813-4602bfc284c6",
        "to":"4be45842-232b-4911-9a78-3b0f59b2110b",
        "type":"line"
      },
      {
        "from":"4be45842-232b-4911-9a78-3b0f59b2110b",
        "to":"49f1f013-7db0-484d-91d0-0cb4a45fb77f",
        "type":"line"
      },
      {
        "from":"49f1f013-7db0-484d-91d0-0cb4a45fb77f",
        "to":"4be45842-232b-4911-9a78-3b0f59b2110b",
        "type":"line"
      }
    ],
    "derivedAt":"2016-04-01 13:25:56.001735",
    "derivedFrom":"None",
    "height":3120,
    "postits":[
      {
        "colour":"YELLOW",
        "height":128,
        "isPhysical":false,
        "uuid":"b0c7a632-3fe5-4de7-ab37-1d49c6a40581",
        "width":126,
        "x":776,
        "y":837
      },
      {
        "colour":"ORANGE",
        "height":128,
        "isPhysical":false,
        "uuid":"2a50db06-e7bf-4764-b395-1d5a60b62a1a",
        "width":139,
        "x":1330,
        "y":680
      },
      {
        "colour":"ORANGE",
        "height":126,
        "isPhysical":false,
        "uuid":"0195635f-925d-4b11-ae5a-724812b02efe",
        "width":123,
        "x":1801,
        "y":602
      },
      {
        "colour":"MAGENTA",
        "height":110,
        "isPhysical":false,
        "uuid":"4be45842-232b-4911-9a78-3b0f59b2110b",
        "width":113,
        "x":874,
        "y":553
      },
      {
        "colour":"BLUE",
        "height":117,
        "isPhysical":false,
        "uuid":"addd8c89-6674-43dd-8813-4602bfc284c6",
        "width":118,
        "x":440,
        "y":342
      },
      {
        "colour":"ORANGE",
        "height":118,
        "isPhysical":false,
        "uuid":"49f1f013-7db0-484d-91d0-0cb4a45fb77f",
        "width":126,
        "x":1272,
        "y":238
      }
    ],
    "uuid":"615745e1-12e0-4a7f-8944-ad4bf3d6e2ca",
    "width":4160
  },
  {
    "canvas":{
      "bottom-left":{
        "x":1022,
        "y":1873
      },
      "bottom-right":{
        "x":3319,
        "y":1873
      },
      "top-left":{
        "x":1022,
        "y":629
      },
      "top-right":{
        "x":3319,
        "y":629
      }
    },
    "connections":[
      {
        "from":"b0c7a632-3fe5-4de7-ab37-1d49c6a40581",
        "to":"2a50db06-e7bf-4764-b395-1d5a60b62a1a",
        "type":"line"
      },
      {
        "from":"2a50db06-e7bf-4764-b395-1d5a60b62a1a",
        "to":"0195635f-925d-4b11-ae5a-724812b02efe",
        "type":"line"
      },
      {
        "from":"4be45842-232b-4911-9a78-3b0f59b2110b",
        "to":"b0c7a632-3fe5-4de7-ab37-1d49c6a40581",
        "type":"line"
      },
      {
        "from":"addd8c89-6674-43dd-8813-4602bfc284c6",
        "to":"4be45842-232b-4911-9a78-3b0f59b2110b",
        "type":"line"
      },
      {
        "from":"4be45842-232b-4911-9a78-3b0f59b2110b",
        "to":"49f1f013-7db0-484d-91d0-0cb4a45fb77f",
        "type":"line"
      },
      {
        "from":"49f1f013-7db0-484d-91d0-0cb4a45fb77f",
        "to":"4be45842-232b-4911-9a78-3b0f59b2110b",
        "type":"line"
      }
    ],
    "derivedAt":"2016-04-01 13:25:57.757742",
    "derivedFrom":"615745e1-12e0-4a7f-8944-ad4bf3d6e2ca",
    "height":3120,
    "postits":[
      {
        "colour":"YELLOW",
        "height":128,
        "isPhysical":false,
        "uuid":"b0c7a632-3fe5-4de7-ab37-1d49c6a40581",
        "width":126,
        "x":776,
        "y":837
      },
      {
        "colour":"ORANGE",
        "height":128,
        "isPhysical":false,
        "uuid":"2a50db06-e7bf-4764-b395-1d5a60b62a1a",
        "width":139,
        "x":1330,
        "y":680
      },
      {
        "colour":"ORANGE",
        "height":126,
        "isPhysical":false,
        "uuid":"0195635f-925d-4b11-ae5a-724812b02efe",
        "width":123,
        "x":1801,
        "y":602
      },
      {
        "colour":"MAGENTA",
        "height":110,
        "isPhysical":false,
        "uuid":"4be45842-232b-4911-9a78-3b0f59b2110b",
        "width":113,
        "x":874,
        "y":553
      },
      {
        "colour":"BLUE",
        "height":117,
        "isPhysical":false,
        "uuid":"addd8c89-6674-43dd-8813-4602bfc284c6",
        "width":118,
        "x":440,
        "y":342
      },
      {
        "colour":"ORANGE",
        "height":118,
        "isPhysical":false,
        "uuid":"49f1f013-7db0-484d-91d0-0cb4a45fb77f",
        "width":126,
        "x":1272,
        "y":238
      }
    ],
    "uuid":"7c682f48-c91c-4383-95cf-0322b2d4ea54",
    "width":4160
  }
]